cycle,sense_sec,compute_sec,transfer_sec,idle_sec,total_sec
0,0.01006007194519043,0.020061969757080078,0.010072708129882812,0.0050983428955078125,0.04529309272766113
1,0.010065793991088867,0.02010059356689453,0.01007223129272461,0.00510096549987793,0.04533958435058594
2,0.010064125061035156,0.02007293701171875,0.010068416595458984,0.005063772201538086,0.04526925086975098
3,0.010068655014038086,0.020102977752685547,0.010073184967041016,0.005105018615722656,0.045349836349487305
4,0.01007390022277832,0.0200655460357666,0.010068655014038086,0.005104541778564453,0.04531264305114746
5,0.010071992874145508,0.02006840705871582,0.010069608688354492,0.005101203918457031,0.04531121253967285
6,0.010073661804199219,0.02007460594177246,0.010061025619506836,0.005068540573120117,0.04527783393859863
7,0.010068655014038086,0.02010369300842285,0.010073661804199219,0.0050656795501708984,0.045311689376831055
8,0.010066747665405273,0.02010321617126465,0.010071039199829102,0.0050618648529052734,0.0453028678894043
9,0.010062694549560547,0.02010488510131836,0.010080099105834961,0.0051043033599853516,0.04535198211669922
10,0.010068178176879883,0.020096540451049805,0.01005697250366211,0.005064487457275391,0.04528617858886719
11,0.010061025619506836,0.020107746124267578,0.010074377059936523,0.005106687545776367,0.045349836349487305
12,0.010073184967041016,0.020104169845581055,0.010084390640258789,0.0051076412200927734,0.04536938667297363
13,0.010066509246826172,0.02007436752319336,0.010068178176879883,0.005106687545776367,0.04531574249267578
14,0.010079622268676758,0.0200653076171875,0.010065793991088867,0.005063056945800781,0.045273780822753906
15,0.010066747665405273,0.020063161849975586,0.010064840316772461,0.0050623416900634766,0.0452570915222168
16,0.010061979293823242,0.020102262496948242,0.010071992874145508,0.005106210708618164,0.045342445373535156
17,0.010076761245727539,0.020081520080566406,0.010066032409667969,0.0050640106201171875,0.0452883243560791
18,0.010070323944091797,0.02010631561279297,0.010074138641357422,0.00507044792175293,0.04532122611999512
19,0.010071277618408203,0.020105600357055664,0.010068655014038086,0.005064487457275391,0.045310020446777344
20,0.010065317153930664,0.020105361938476562,0.010074377059936523,0.005105257034301758,0.04535031318664551
21,0.010072946548461914,0.020105838775634766,0.010077476501464844,0.005064487457275391,0.045320749282836914
22,0.010061025619506836,0.020064115524291992,0.010068893432617188,0.005132198333740234,0.04532623291015625
23,0.010072708129882812,0.02010655403137207,0.010078907012939453,0.005105257034301758,0.045363426208496094
24,0.01006770133972168,0.02007603645324707,0.010069131851196289,0.005065202713012695,0.045278072357177734
25,0.010066986083984375,0.020108699798583984,0.010074138641357422,0.005106449127197266,0.04535627365112305
26,0.010072946548461914,0.02006363868713379,0.010067939758300781,0.005066394805908203,0.04527091979980469
27,0.01006460189819336,0.02010178565979004,0.010183572769165039,0.005079507827758789,0.04542946815490723
28,0.010071754455566406,0.020096302032470703,0.010114192962646484,0.005067110061645508,0.0453493595123291
29,0.010061264038085938,0.020061492919921875,0.010068416595458984,0.005104541778564453,0.04529571533203125
30,0.01007223129272461,0.020102977752685547,0.010072946548461914,0.0051021575927734375,0.04535031318664551
31,0.010071754455566406,0.02013087272644043,0.010108232498168945,0.0050694942474365234,0.045380353927612305
32,0.010067462921142578,0.02010369300842285,0.010074377059936523,0.005102396011352539,0.04534792900085449
33,0.010071754455566406,0.020093679428100586,0.010073184967041016,0.005104541778564453,0.04534316062927246
34,0.010093212127685547,0.02009749412536621,0.010069608688354492,0.00506138801574707,0.04532170295715332
35,0.01007390022277832,0.020099401473999023,0.010073661804199219,0.0051043033599853516,0.045351266860961914
36,0.010071039199829102,0.020091772079467773,0.010074138641357422,0.0050945281982421875,0.045331478118896484
37,0.010066986083984375,0.02010369300842285,0.01007390022277832,0.0051043033599853516,0.0453488826751709
38,0.010072708129882812,0.020088911056518555,0.010068893432617188,0.005061626434326172,0.04529213905334473
39,0.010073423385620117,0.020065784454345703,0.01006770133972168,0.005060672760009766,0.045267581939697266
40,0.010069131851196289,0.02010369300842285,0.010077953338623047,0.005103588104248047,0.045354366302490234
41,0.010079622268676758,0.020093917846679688,0.010074853897094727,0.005064964294433594,0.045313358306884766
42,0.010059356689453125,0.020105361938476562,0.010073423385620117,0.005098581314086914,0.04533672332763672
43,0.010086536407470703,0.02009868621826172,0.010074138641357422,0.005097866058349609,0.04535722732543945
44,0.010066986083984375,0.020101308822631836,0.010072469711303711,0.0051043033599853516,0.04534506797790527
45,0.010073423385620117,0.020104169845581055,0.010074853897094727,0.005125999450683594,0.04537844657897949
46,0.010071992874145508,0.020104408264160156,0.010072708129882812,0.00510406494140625,0.04535317420959473
47,0.010071992874145508,0.0201263427734375,0.010067939758300781,0.005063056945800781,0.04532933235168457
48,0.010062694549560547,0.020102739334106445,0.010076522827148438,0.005105733871459961,0.04534769058227539
49,0.01007699966430664,0.02010178565979004,0.010075807571411133,0.0051038265228271484,0.04535841941833496
50,0.010068178176879883,0.020075082778930664,0.010065793991088867,0.0050618648529052734,0.04527091979980469
51,0.01007390022277832,0.02009415626525879,0.010067224502563477,0.00506138801574707,0.045296669006347656
52,0.010066747665405273,0.02010345458984375,0.010069847106933594,0.005064487457275391,0.04530453681945801
53,0.010062694549560547,0.02010321617126465,0.010074615478515625,0.00510406494140625,0.04534459114074707
54,0.010071992874145508,0.02010369300842285,0.010080814361572266,0.005037069320678711,0.045293569564819336
55,0.010061264038085938,0.020071029663085938,0.01007223129272461,0.005105257034301758,0.04530978202819824
56,0.010071992874145508,0.020105838775634766,0.010073661804199219,0.005103111267089844,0.045354604721069336
57,0.010080099105834961,0.02010631561279297,0.010065317153930664,0.00506138801574707,0.045313119888305664
58,0.010061264038085938,0.020102739334106445,0.010073423385620117,0.005101680755615234,0.045339107513427734
59,0.010070085525512695,0.020069122314453125,0.010064840316772461,0.0050640106201171875,0.04526805877685547
60,0.010069608688354492,0.020104169845581055,0.010073184967041016,0.005124330520629883,0.045371294021606445
61,0.010073661804199219,0.020104646682739258,0.010072708129882812,0.00510406494140625,0.04535508155822754
62,0.010072946548461914,0.020103931427001953,0.010068178176879883,0.005062580108642578,0.04530763626098633
63,0.01006770133972168,0.02007436752319336,0.01006174087524414,0.005064487457275391,0.04526829719543457
64,0.010103940963745117,0.020068645477294922,0.010070323944091797,0.00510406494140625,0.045346975326538086
65,0.010074615478515625,0.020078659057617188,0.010068416595458984,0.00506138801574707,0.04528307914733887
66,0.010061025619506836,0.02010345458984375,0.010073423385620117,0.005126237869262695,0.0453641414642334
67,0.01008749008178711,0.020165205001831055,0.010076522827148438,0.005102872848510742,0.045432090759277344
68,0.01007080078125,0.020100831985473633,0.010066986083984375,0.0050618648529052734,0.04530048370361328
69,0.010066747665405273,0.020105838775634766,0.010073661804199219,0.0051038265228271484,0.045350074768066406
70,0.010072946548461914,0.020106077194213867,0.010073423385620117,0.0051043033599853516,0.04535675048828125
71,0.01006770133972168,0.02010345458984375,0.010067224502563477,0.005061626434326172,0.04530000686645508
72,0.010067462921142578,0.0200808048248291,0.010068178176879883,0.0050640106201171875,0.04528045654296875
73,0.010062456130981445,0.020102977752685547,0.01007390022277832,0.00510096549987793,0.04534029960632324
74,0.010073423385620117,0.020100831985473633,0.010065317153930664,0.005063295364379883,0.0453028678894043
75,0.010063409805297852,0.020102977752685547,0.010072946548461914,0.005101680755615234,0.04534101486206055
76,0.010067224502563477,0.020064592361450195,0.010063409805297852,0.005060911178588867,0.04525613784790039
77,0.010068893432617188,0.020064830780029297,0.010063409805297852,0.0050623416900634766,0.04525947570800781
78,0.01006317138671875,0.020100831985473633,0.010074615478515625,0.005104780197143555,0.04534339904785156
79,0.01007223129272461,0.020104408264160156,0.010065317153930664,0.0050623416900634766,0.045304298400878906
80,0.01006317138671875,0.020102739334106445,0.01007223129272461,0.005103588104248047,0.04534173011779785
81,0.010093212127685547,0.02007150650024414,0.010066986083984375,0.005064249038696289,0.04529595375061035
82,0.010067462921142578,0.020104408264160156,0.010078191757202148,0.0051043033599853516,0.045354366302490234
83,0.010067224502563477,0.020175457000732422,0.010072708129882812,0.005059242248535156,0.04537463188171387
84,0.01005697250366211,0.020104408264160156,0.010071277618408203,0.005063056945800781,0.04529571533203125
85,0.010068893432617188,0.02008223533630371,0.010068178176879883,0.005065202713012695,0.04528450965881348
86,0.010062217712402344,0.020102977752685547,0.010072946548461914,0.00510096549987793,0.045339107513427734
87,0.01009368896484375,0.020104169845581055,0.010068416595458984,0.005062103271484375,0.045328378677368164
88,0.010064840316772461,0.0200653076171875,0.010067224502563477,0.005101203918457031,0.04529857635498047
89,0.01007080078125,0.02008056640625,0.010067939758300781,0.005063295364379883,0.045282602310180664
90,0.010068893432617188,0.020107746124267578,0.010075092315673828,0.005085945129394531,0.045337677001953125
91,0.01006627082824707,0.02010369300842285,0.010065317153930664,0.005062103271484375,0.04529738426208496
92,0.010061979293823242,0.020082473754882812,0.010108232498168945,0.005068063735961914,0.045320749282836914
93,0.010070562362670898,0.020104408264160156,0.010068178176879883,0.00506281852722168,0.04530596733093262
94,0.01006770133972168,0.02010488510131836,0.010074138641357422,0.00506591796875,0.04531264305114746
95,0.010064125061035156,0.020104408264160156,0.010073184967041016,0.0051043033599853516,0.04534602165222168
96,0.01007223129272461,0.020103931427001953,0.010091543197631836,0.005062103271484375,0.04532980918884277
97,0.01006007194519043,0.020105838775634766,0.01007390022277832,0.005105495452880859,0.045345306396484375
98,0.010068416595458984,0.020104646682739258,0.01007390022277832,0.005105495452880859,0.04535245895385742
99,0.010065555572509766,0.020064592361450195,0.010064363479614258,0.005061626434326172,0.04525613784790039
100,0.010067939758300781,0.02010178565979004,0.010076761245727539,0.0051059722900390625,0.04535245895385742
101,0.010078907012939453,0.02007293701171875,0.010066509246826172,0.00506281852722168,0.045281171798706055
102,0.010069131851196289,0.020137786865234375,0.010075092315673828,0.005078315734863281,0.04536032676696777
103,0.010070562362670898,0.020067453384399414,0.010063886642456055,0.005059957504272461,0.04526185989379883
104,0.010062456130981445,0.02010512351989746,0.010066747665405273,0.005064487457275391,0.04529881477355957
105,0.010062456130981445,0.020104408264160156,0.010066747665405273,0.005061626434326172,0.04529523849487305
106,0.010057687759399414,0.02010369300842285,0.010075569152832031,0.005105733871459961,0.04534268379211426
107,0.010072946548461914,0.02008056640625,0.010072946548461914,0.005063772201538086,0.045290231704711914
108,0.010059833526611328,0.020067930221557617,0.010075569152832031,0.005063772201538086,0.04526710510253906
109,0.010072946548461914,0.020105838775634766,0.010074853897094727,0.005106925964355469,0.045360565185546875
110,0.010068416595458984,0.020069122314453125,0.010065793991088867,0.005063295364379883,0.04526662826538086
111,0.010062932968139648,0.020107269287109375,0.010075092315673828,0.005138874053955078,0.04538416862487793
112,0.010074853897094727,0.020076990127563477,0.010070562362670898,0.005063772201538086,0.04528617858886719
113,0.010069131851196289,0.020107507705688477,0.010074377059936523,0.005108356475830078,0.04535937309265137
114,0.010067939758300781,0.020062923431396484,0.01006627082824707,0.0050585269927978516,0.04525566101074219
115,0.010069131851196289,0.020078182220458984,0.010072469711303711,0.005101919174194336,0.04532170295715332
116,0.010074853897094727,0.02010512351989746,0.010067462921142578,0.005061626434326172,0.04530906677246094
117,0.010063886642456055,0.020105838775634766,0.010068416595458984,0.0050618648529052734,0.04530000686645508
118,0.010089397430419922,0.02010512351989746,0.01007390022277832,0.0050716400146484375,0.04534006118774414
119,0.010065555572509766,0.020102262496948242,0.010068178176879883,0.005064725875854492,0.04530072212219238
120,0.010074377059936523,0.0200808048248291,0.010074377059936523,0.0051021575927734375,0.045331716537475586
121,0.010066509246826172,0.020084619522094727,0.010066509246826172,0.0051043033599853516,0.04532194137573242
122,0.010073184967041016,0.02010512351989746,0.010073661804199219,0.005065202713012695,0.04531717300415039
123,0.010065555572509766,0.02007579803466797,0.010069608688354492,0.00506281852722168,0.045273780822753906
124,0.010062694549560547,0.020104408264160156,0.010069608688354492,0.0050623416900634766,0.04529905319213867
125,0.010063886642456055,0.020067214965820312,0.010065793991088867,0.005064964294433594,0.04526185989379883
126,0.010063886642456055,0.020105838775634766,0.010073661804199219,0.005106449127197266,0.045349836349487305
127,0.010077476501464844,0.02013373374938965,0.010070323944091797,0.0050640106201171875,0.04534554481506348
128,0.010062456130981445,0.020104169845581055,0.010068416595458984,0.005061626434326172,0.045296669006347656
129,0.010069131851196289,0.020076751708984375,0.01007390022277832,0.0050776004791259766,0.04529738426208496
130,0.010071992874145508,0.020101547241210938,0.010074853897094727,0.005105018615722656,0.04535341262817383
131,0.010072708129882812,0.02010488510131836,0.010073423385620117,0.005104541778564453,0.04535555839538574
132,0.010074138641357422,0.020081281661987305,0.010069131851196289,0.005060911178588867,0.04528546333312988
133,0.010066986083984375,0.020103931427001953,0.010078907012939453,0.005101203918457031,0.04535102844238281
134,0.010074377059936523,0.020101070404052734,0.010072469711303711,0.0051043033599853516,0.04535222053527832
135,0.010066032409667969,0.020079612731933594,0.010069131851196289,0.00506138801574707,0.04527616500854492
136,0.010062456130981445,0.020132064819335938,0.01007533073425293,0.005104541778564453,0.045374393463134766
137,0.010072946548461914,0.020105838775634766,0.010067462921142578,0.005066394805908203,0.04531264305114746
138,0.01006770133972168,0.02006673812866211,0.01006627082824707,0.005066871643066406,0.045267581939697266
139,0.010066986083984375,0.020066499710083008,0.010088682174682617,0.005067586898803711,0.04528975486755371
140,0.010069131851196289,0.02008223533630371,0.010072469711303711,0.005101203918457031,0.04532504081726074
141,0.010066747665405273,0.020103931427001953,0.010065793991088867,0.005062103271484375,0.04529857635498047
142,0.01006174087524414,0.020105600357055664,0.010074138641357422,0.005105018615722656,0.04534649848937988
143,0.010070562362670898,0.020104646682739258,0.01007390022277832,0.005104541778564453,0.04535365104675293
144,0.010072946548461914,0.020104408264160156,0.010074138641357422,0.0051043033599853516,0.045355796813964844
145,0.010066747665405273,0.02006363868713379,0.010070085525512695,0.00510406494140625,0.04530453681945801
146,0.01006627082824707,0.02007889747619629,0.010066747665405273,0.005064725875854492,0.045276641845703125
147,0.010060548782348633,0.02010035514831543,0.010075569152832031,0.0051043033599853516,0.045340776443481445
148,0.010073184967041016,0.020103931427001953,0.010073184967041016,0.0051038265228271484,0.04535412788391113
149,0.010067224502563477,0.020064115524291992,0.010061979293823242,0.0050618648529052734,0.045255184173583984
150,0.01006174087524414,0.020102739334106445,0.010073423385620117,0.005100250244140625,0.04533815383911133
151,0.010071754455566406,0.020101308822631836,0.010074138641357422,0.005063295364379883,0.04531049728393555
152,0.010061979293823242,0.02010321617126465,0.010077953338623047,0.005070209503173828,0.045313358306884766
153,0.010065793991088867,0.02009725570678711,0.010069131851196289,0.005061626434326172,0.04529380798339844
154,0.010069608688354492,0.02010512351989746,0.010074377059936523,0.0051043033599853516,0.04535341262817383
155,0.010073661804199219,0.02008199691772461,0.010068655014038086,0.005061626434326172,0.045285940170288086
156,0.01006770133972168,0.020104169845581055,0.01006937026977539,0.005062103271484375,0.0453033447265625
157,0.010061025619506836,0.020079374313354492,0.010068893432617188,0.005060672760009766,0.04526996612548828
158,0.010061502456665039,0.02010035514831543,0.010076045989990234,0.00510406494140625,0.04534196853637695
159,0.010073184967041016,0.020103931427001953,0.010073423385620117,0.005085468292236328,0.045336008071899414
160,0.010066747665405273,0.02010345458984375,0.010073661804199219,0.00507807731628418,0.04532194137573242
161,0.010091066360473633,0.020104408264160156,0.010072946548461914,0.00510406494140625,0.04537248611450195
162,0.010072708129882812,0.02008199691772461,0.010072469711303711,0.0050907135009765625,0.045317888259887695
163,0.010067224502563477,0.02006244659423828,0.010061025619506836,0.005061149597167969,0.04525184631347656
164,0.010070323944091797,0.020104169845581055,0.010078907012939453,0.005085468292236328,0.04533886909484863
165,0.010069131851196289,0.020103931427001953,0.010073661804199219,0.005101680755615234,0.045348405838012695
166,0.01006627082824707,0.02010035514831543,0.010071754455566406,0.0051233768463134766,0.04536175727844238
167,0.010062694549560547,0.020063400268554688,0.01006174087524414,0.0050618648529052734,0.04524970054626465
168,0.010061025619506836,0.020084142684936523,0.010067939758300781,0.00506138801574707,0.04527449607849121
169,0.010067224502563477,0.020103931427001953,0.010065317153930664,0.005063295364379883,0.04529976844787598
170,0.010061502456665039,0.02006220817565918,0.010061502456665039,0.005061149597167969,0.04524636268615723
171,0.010068655014038086,0.020105600357055664,0.010073661804199219,0.005105257034301758,0.04535317420959473
172,0.01007223129272461,0.020078659057617188,0.01007223129272461,0.0051038265228271484,0.045326948165893555
173,0.010068416595458984,0.020251750946044922,0.010080814361572266,0.005062580108642578,0.04546356201171875
174,0.010067462921142578,0.02010488510131836,0.010080099105834961,0.0051038265228271484,0.04535627365112305
175,0.010072708129882812,0.02010488510131836,0.010072946548461914,0.005104780197143555,0.04535531997680664
176,0.010072946548461914,0.020104646682739258,0.010073423385620117,0.00510406494140625,0.04535508155822754
177,0.010077714920043945,0.02010369300842285,0.010073423385620117,0.005105733871459961,0.045360565185546875
178,0.01007390022277832,0.020103931427001953,0.010074853897094727,0.00510406494140625,0.04535675048828125
179,0.010073661804199219,0.020101070404052734,0.010072946548461914,0.005102634429931641,0.04535031318664551
180,0.010076284408569336,0.02010202407836914,0.010075569152832031,0.005101919174194336,0.045355796813964844
181,0.01007223129272461,0.02012467384338379,0.010074138641357422,0.005101680755615234,0.045372724533081055
182,0.010075092315673828,0.020105838775634766,0.010073423385620117,0.005105018615722656,0.04535937309265137
183,0.010071754455566406,0.020104408264160156,0.010107994079589844,0.005068540573120117,0.04535269737243652
184,0.01007390022277832,0.020104169845581055,0.01007533073425293,0.0051038265228271484,0.04535722732543945
185,0.010073423385620117,0.02010202407836914,0.010075807571411133,0.005104541778564453,0.045355796813964844
186,0.010072946548461914,0.020104169845581055,0.010073184967041016,0.00510096549987793,0.045351266860961914
187,0.010074615478515625,0.020103931427001953,0.010074138641357422,0.0051043033599853516,0.04535698890686035
188,0.010072708129882812,0.020104169845581055,0.010073184967041016,0.005106210708618164,0.04535627365112305
189,0.010072946548461914,0.02012467384338379,0.010074853897094727,0.005101442337036133,0.04537391662597656
190,0.010074138641357422,0.020095109939575195,0.010107755661010742,0.005068063735961914,0.04534506797790527
191,0.010066986083984375,0.020103931427001953,0.010108232498168945,0.005107879638671875,0.04538702964782715
192,0.010107278823852539,0.020107746124267578,0.010111093521118164,0.005110979080200195,0.04543709754943848
193,0.010111331939697266,0.020111560821533203,0.010112524032592773,0.00510859489440918,0.04544401168823242
194,0.010109424591064453,0.02011251449584961,0.010116338729858398,0.005118370056152344,0.045456647872924805
195,0.010114908218383789,0.020116090774536133,0.010115861892700195,0.005113363265991211,0.04546022415161133
196,0.010111808776855469,0.020116329193115234,0.010116100311279297,0.005116462707519531,0.04546070098876953
197,0.010114908218383789,0.02011251449584961,0.0101165771484375,0.005112886428833008,0.045456886291503906
198,0.01011514663696289,0.020113229751586914,0.0101165771484375,0.005114316940307617,0.04545927047729492
199,0.010114908218383789,0.020116090774536133,0.010116338729858398,0.005112886428833008,0.04546022415161133
200,0.010111331939697266,0.02011251449584961,0.010114908218383789,0.005116462707519531,0.045455217361450195
201,0.010114669799804688,0.020116806030273438,0.010115385055541992,0.005113840103149414,0.04546070098876953
202,0.010114908218383789,0.02011251449584961,0.010116338729858398,0.005116462707519531,0.04546022415161133
203,0.01009988784790039,0.0201113224029541,0.01011347770690918,0.005113124847412109,0.04543781280517578
204,0.01011514663696289,0.020112037658691406,0.010116100311279297,0.005131959915161133,0.04547524452209473
205,0.01011347770690918,0.020116567611694336,0.010115385055541992,0.005115985870361328,0.045461416244506836
206,0.010114669799804688,0.020116329193115234,0.010112524032592773,0.005115509033203125,0.04545903205871582
207,0.010116338729858398,0.020113468170166016,0.010113239288330078,0.005115509033203125,0.04545855522155762
208,0.010114431381225586,0.02011251449584961,0.010113239288330078,0.0051157474517822266,0.0454559326171875
209,0.010114192962646484,0.020112276077270508,0.0101165771484375,0.0051157474517822266,0.04545879364013672
210,0.010111331939697266,0.020116329193115234,0.010115623474121094,0.0051157474517822266,0.04545903205871582
211,0.010114192962646484,0.020131349563598633,0.010116100311279297,0.005116462707519531,0.045478105545043945
212,0.010114908218383789,0.020107269287109375,0.010113000869750977,0.005115985870361328,0.04545116424560547
213,0.010114908218383789,0.02011585235595703,0.010115623474121094,0.005115985870361328,0.04546236991882324
214,0.010072708129882812,0.020111799240112305,0.010113000869750977,0.00511622428894043,0.04541373252868652
215,0.010114669799804688,0.02011561393737793,0.010115861892700195,0.0050966739654541016,0.045442819595336914
216,0.010111093521118164,0.020117521286010742,0.0101165771484375,0.0051136016845703125,0.04545879364013672
217,0.010112285614013672,0.02011704444885254,0.010139942169189453,0.005113124847412109,0.04548239707946777
218,0.01009511947631836,0.02011585235595703,0.010116338729858398,0.005116462707519531,0.04544377326965332
219,0.010115385055541992,0.020113229751586914,0.010116815567016602,0.005115985870361328,0.045461416244506836
220,0.010111808776855469,0.020113229751586914,0.0101165771484375,0.00511622428894043,0.04545783996582031
221,0.010115385055541992,0.020116806030273438,0.010116100311279297,0.005140066146850586,0.04548835754394531
222,0.010114669799804688,0.020116806030273438,0.010116815567016602,0.005116701126098633,0.04546499252319336
223,0.010114669799804688,0.020109176635742188,0.01011347770690918,0.00511932373046875,0.045456647872924805
224,0.010114908218383789,0.020114898681640625,0.010116100311279297,0.005121469497680664,0.045467376708984375
225,0.010111570358276367,0.020113229751586914,0.010114431381225586,0.005115985870361328,0.045455217361450195
226,0.010114908218383789,0.020112991333007812,0.010112762451171875,0.005101203918457031,0.04544186592102051
227,0.010110855102539062,0.020116567611694336,0.0101165771484375,0.00511622428894043,0.04546022415161133
228,0.01014089584350586,0.02011585235595703,0.010116338729858398,0.005115985870361328,0.04548907279968262
229,0.010113716125488281,0.020113468170166016,0.010116100311279297,0.005116462707519531,0.045459747314453125
230,0.01011514663696289,0.02011585235595703,0.010116338729858398,0.00511622428894043,0.04546356201171875
231,0.010111570358276367,0.020113229751586914,0.010118722915649414,0.005115985870361328,0.04545950889587402
232,0.010114908218383789,0.020116567611694336,0.0101165771484375,0.005112648010253906,0.04546070098876953
233,0.010111808776855469,0.020116329193115234,0.010116338729858398,0.0051136016845703125,0.045458078384399414
234,0.01011514663696289,0.02010965347290039,0.010113239288330078,0.005113363265991211,0.04545140266418457
235,0.010111808776855469,0.020116329193115234,0.010115861892700195,0.0051136016845703125,0.04545760154724121
236,0.010112285614013672,0.020113229751586914,0.010113716125488281,0.005116462707519531,0.0454556941986084
237,0.010114669799804688,0.02011585235595703,0.010116100311279297,0.005113124847412109,0.045459747314453125
238,0.010111331939697266,0.020116329193115234,0.010113000869750977,0.005116462707519531,0.04545712471008301
239,0.010114669799804688,0.02011275291442871,0.01011347770690918,0.00511622428894043,0.04545712471008301
240,0.010104179382324219,0.02011275291442871,0.010116100311279297,0.005146503448486328,0.045479536056518555
241,0.010114669799804688,0.020116567611694336,0.010116100311279297,0.00511622428894043,0.04546356201171875
242,0.010114431381225586,0.020113229751586914,0.010116338729858398,0.005113124847412109,0.04545712471008301
243,0.010114908218383789,0.02011728286743164,0.010116338729858398,0.00511622428894043,0.04546475410461426
244,0.010115385055541992,0.020116329193115234,0.01011347770690918,0.00511622428894043,0.045461416244506836
245,0.01011514663696289,0.02010798454284668,0.01011347770690918,0.00511622428894043,0.04545283317565918
246,0.01011514663696289,0.020116090774536133,0.010119199752807617,0.005115509033203125,0.045465946197509766
247,0.01011204719543457,0.020116567611694336,0.010113716125488281,0.005116462707519531,0.04545879364013672
248,0.01011204719543457,0.020116329193115234,0.0101165771484375,0.005112409591674805,0.04545736312866211
249,0.010111331939697266,0.02011561393737793,0.010115623474121094,0.0051157474517822266,0.045458316802978516
250,0.010114431381225586,0.020116090774536133,0.010115623474121094,0.005113124847412109,0.04545927047729492
251,0.01011514663696289,0.020116567611694336,0.010115861892700195,0.005115985870361328,0.04546356201171875
252,0.010114192962646484,0.020116090774536133,0.010115385055541992,0.005115985870361328,0.04546165466308594
253,0.010111331939697266,0.020113468170166016,0.010116338729858398,0.005115509033203125,0.045456647872924805
254,0.010111570358276367,0.02011585235595703,0.010112524032592773,0.005112886428833008,0.04545283317565918
255,0.010111808776855469,0.020116090774536133,0.010113239288330078,0.005116462707519531,0.04545760154724121
256,0.01011514663696289,0.020107269287109375,0.010113000869750977,0.005113124847412109,0.04544854164123535
257,0.01011204719543457,0.020116329193115234,0.010116100311279297,0.005112648010253906,0.04545712471008301
258,0.010117053985595703,0.02011418342590332,0.010115623474121094,0.005115985870361328,0.045462846755981445
259,0.010114669799804688,0.02011585235595703,0.010115861892700195,0.005131244659423828,0.04547762870788574
260,0.010111570358276367,0.020115375518798828,0.010115385055541992,0.005115032196044922,0.04545736312866211
261,0.010113954544067383,0.020112276077270508,0.010106801986694336,0.005069732666015625,0.04540276527404785
262,0.010063409805297852,0.020107507705688477,0.010118484497070312,0.005118370056152344,0.045407772064208984
263,0.010114908218383789,0.02011561393737793,0.010115623474121094,0.00511622428894043,0.04546236991882324
264,0.010114908218383789,0.020116329193115234,0.010115861892700195,0.00511622428894043,0.04546332359313965
265,0.010114192962646484,0.02011561393737793,0.010115623474121094,0.005115985870361328,0.045461416244506836
266,0.010114669799804688,0.02013087272644043,0.0101165771484375,0.005116701126098633,0.04547882080078125
267,0.010111570358276367,0.020107746124267578,0.010068416595458984,0.005110740661621094,0.04539847373962402
268,0.010114669799804688,0.02011585235595703,0.010114192962646484,0.005113124847412109,0.04545783996582031
269,0.010114908218383789,0.020113468170166016,0.010118246078491211,0.005116462707519531,0.04546308517456055
270,0.010113954544067383,0.020116090774536133,0.010116100311279297,0.005115985870361328,0.04546213150024414
271,0.01011967658996582,0.020116090774536133,0.010115623474121094,0.005115985870361328,0.045467376708984375
272,0.010114431381225586,0.020116329193115234,0.010116100311279297,0.00511622428894043,0.04546308517456055
273,0.010111093521118164,0.020113706588745117,0.010113000869750977,0.005115985870361328,0.045453786849975586
274,0.010082244873046875,0.020113706588745117,0.010114908218383789,0.005117893218994141,0.04542875289916992
275,0.0101165771484375,0.02007460594177246,0.010062217712402344,0.0051097869873046875,0.04536318778991699
276,0.010116815567016602,0.020117998123168945,0.01011800765991211,0.005117654800415039,0.045470476150512695
277,0.010115861892700195,0.02011895179748535,0.010074615478515625,0.005060434341430664,0.045369863510131836
278,0.010062694549560547,0.020113706588745117,0.010210275650024414,0.0051136016845703125,0.04550027847290039
279,0.010114431381225586,0.020116567611694336,0.010115861892700195,0.005144357681274414,0.04549121856689453
280,0.01011800765991211,0.020116567611694336,0.010116100311279297,0.005113840103149414,0.045464515686035156
281,0.010112524032592773,0.020116806030273438,0.0101165771484375,0.005116701126098633,0.045462608337402344
282,0.01011204719543457,0.020116567611694336,0.010116338729858398,0.005116462707519531,0.045461416244506836
283,0.010112285614013672,0.020108699798583984,0.010117769241333008,0.005135297775268555,0.04547405242919922
284,0.010111570358276367,0.020116806030273438,0.010116815567016602,0.00511622428894043,0.045461416244506836
285,0.010114669799804688,0.020116329193115234,0.01011347770690918,0.005117177963256836,0.04546165466308594
286,0.010117292404174805,0.02011704444885254,0.010116815567016602,0.00511622428894043,0.045467376708984375
287,0.010115385055541992,0.020116567611694336,0.010115861892700195,0.005116462707519531,0.045464277267456055
288,0.010114669799804688,0.02011585235595703,0.010116815567016602,0.0051136016845703125,0.04546093940734863
289,0.010111808776855469,0.020107269287109375,0.010068893432617188,0.0051114559173583984,0.04539942741394043
290,0.010114908218383789,0.020116567611694336,0.010116100311279297,0.005113840103149414,0.045461416244506836
291,0.010111808776855469,0.02011585235595703,0.010118722915649414,0.005116939544677734,0.04546332359313965
292,0.010139226913452148,0.020116090774536133,0.010113239288330078,0.005113124847412109,0.04548168182373047
293,0.010110855102539062,0.02011561393737793,0.010115861892700195,0.005115509033203125,0.04545783996582031
294,0.010118246078491211,0.020115375518798828,0.010112285614013672,0.005112648010253906,0.04545855522155762
295,0.010114431381225586,0.020116090774536133,0.010115623474121094,0.0051152706146240234,0.045461416244506836
296,0.010110616683959961,0.020138978958129883,0.010111808776855469,0.005113124847412109,0.04547452926635742
297,0.010111331939697266,0.020116329193115234,0.010115623474121094,0.005115509033203125,0.04545879364013672
298,0.010111093521118164,0.020116090774536133,0.010115623474121094,0.005115985870361328,0.04545879364013672
299,0.010114431381225586,0.020115375518798828,0.010116338729858398,0.005112409591674805,0.04545855522155762
