cycle,data_mb,compute_sec,idle_sec,compute_power_w,transfer_power_w,idle_power_w,total_power_wh,energy_j
0.0,0.1,0.02006196975708,0.0050983428955078,2.2146831391829296,0.05,0.16884504640133044,3.0617227156956875e-05,0.11022201776504474
1.0,0.1,0.0201005935668945,0.0051009654998779,2.2166715746077132,0.05,0.16875867653863869,3.067260980606073e-05,0.11042139530181863
2.0,0.1,0.0200729370117187,0.005063772201538,2.217060877533929,0.05,0.16778846913462953,3.0617723862330016e-05,0.11022380590438806
3.0,0.1,0.0201029777526855,0.0051050186157226,2.2164333293027165,0.05,0.1688545877998625,3.067775236235715e-05,0.11043990850448575
4.0,0.1,0.0200655460357666,0.0051045417785644,2.214122227776173,0.05,0.16897740127857575,3.062504861089916e-05,0.11025017499923696
5.0,0.1,0.0200684070587158,0.005101203918457,2.2145078374524467,0.05,0.16887223821224967,3.062761161062449e-05,0.11025940179824814
6.0,0.1,0.0200746059417724,0.0050685405731201,2.216824900347003,0.05,0.16791463279781324,3.062214785152002e-05,0.11023973226547207
7.0,0.1,0.0201036930084228,0.0050656795501708,2.2183782247922896,0.05,0.167694460960476,3.0661824676725485e-05,0.11038256883621174
8.0,0.1,0.0201032161712646,0.0050618648529052,2.21875756523203,0.05,0.16760080836148672,3.065945042504195e-05,0.11037402153015101
9.0,0.1,0.0201048851013183,0.0051043033599853,2.216538744611497,0.05,0.16882294185679578,3.0680133236779e-05,0.1104484796524044
10.0,0.1,0.0200965404510498,0.0050644874572753,2.218838183885781,0.05,0.1677494419407799,3.065103954739036e-05,0.1103437423706053
11.0,0.1,0.0201077461242675,0.0051066875457763,2.216959061253021,0.05,0.1689097896546445,3.068507048818786e-05,0.1104662537574763
12.0,0.1,0.020104169845581,0.0051076412200927,2.2156096125448608,0.05,0.1688685343128731,3.068077233102576e-05,0.11045078039169273
13.0,0.1,0.0200743675231933,0.0051066875457763,2.2149441252604305,0.05,0.16903687101458234,3.06382377942402e-05,0.11029765605926473
14.0,0.1,0.0200653076171875,0.0050630569458007,2.2159964611463363,0.05,0.1677479830640548,3.0606892373826734e-05,0.11018481254577625
15.0,0.1,0.0200631618499755,0.0050623416900634,2.2165765822718027,0.05,0.1677861364857578,3.0603382322523166e-05,0.11017217636108341
16.0,0.1,0.0201022624969482,0.0051062107086181,2.2167157429803326,0.05,0.1689215480071492,3.067715300454025e-05,0.1104377508163449
17.0,0.1,0.0200815200805664,0.0050640106201171,2.217074750069753,0.05,0.16772570056803235,3.063000904189211e-05,0.11026803255081159
18.0,0.1,0.0201063156127929,0.0050704479217529,2.218200756479784,0.05,0.16781699291391924,3.0667586459053774e-05,0.11040331125259359
19.0,0.1,0.0201056003570556,0.0050644874572753,2.218670413167472,0.05,0.1676611732019925,3.066395388709162e-05,0.11039023399352982
20.0,0.1,0.0201053619384765,0.0051052570343017,2.21667288776266,0.05,0.16886069826983247,3.068116969532426e-05,0.11045221090316734
21.0,0.1,0.0201058387756347,0.0050644874572753,2.2181714880924135,0.05,0.16762148256868858,3.066443403561897e-05,0.11039196252822829
22.0,0.1,0.0200641155242919,0.0051321983337402,2.2133005807103103,0.05,0.1698419878808272,3.063477410210489e-05,0.1102851867675776
23.0,0.1,0.020106554031372,0.0051052570343017,2.216163516723776,0.05,0.1688118863918247,3.0683007505204816e-05,0.11045882701873734
24.0,0.1,0.020076036453247,0.0050652027130126,2.216971196882728,0.05,0.16780316992259187,3.0622747209336884e-05,0.11024188995361277
25.0,0.1,0.0201086997985839,0.0051064491271972,2.216749545306399,0.05,0.16887793185378117,3.0686385101742064e-05,0.11047098636627144
26.0,0.1,0.0200636386871337,0.0050663948059082,2.2159521803244098,0.05,0.167869180535075,3.060592545403361e-05,0.11018133163452101
27.0,0.1,0.02010178565979,0.0050795078277587,2.2124170143535618,0.05,0.16771628749114098,3.066657318009261e-05,0.11039966344833341
28.0,0.1,0.0200963020324707,0.0050671100616455,2.2157206020745597,0.05,0.16760247937794717,3.065267867512172e-05,0.1103496432304382
29.0,0.1,0.0200614929199218,0.0051045417785644,2.2145022738756888,0.05,0.16904055078322228,3.0619184176126986e-05,0.11022906303405715
30.0,0.1,0.0201029777526855,0.0051021575927734,2.216410024551419,0.05,0.1687581816174487,3.067656689219996e-05,0.11043564081191985
31.0,0.1,0.0201308727264404,0.0050694942474365,2.2180162762229467,0.05,0.1675668149985019,3.070211741659371e-05,0.11052762269973736
32.0,0.1,0.0201036930084228,0.0051023960113525,2.216605416318353,0.05,0.16877494045835142,3.06776265303293e-05,0.11043945550918546
33.0,0.1,0.0200936794281005,0.0051045417785644,2.215734319050592,0.05,0.16886367340929376,3.066454662217019e-05,0.1103923678398127
34.0,0.1,0.0200974941253662,0.005061388015747,2.2172042105706153,0.05,0.1675153740537504,3.065156605508588e-05,0.11034563779830917
35.0,0.1,0.020099401473999,0.0051043033599853,2.2159691299936366,0.05,0.16882560444124178,3.0672507153616954e-05,0.11042102575302103
36.0,0.1,0.0200917720794677,0.0050945281982421,2.216094964603907,0.05,0.16857584650824947,3.0657562944624016e-05,0.11036722660064646
37.0,0.1,0.0201036930084228,0.0051043033599853,2.216558801726534,0.05,0.16883448032932372,3.067843450440291e-05,0.11044236421585048
38.0,0.1,0.0200889110565185,0.0050616264343261,2.217703941169344,0.05,0.16763261374223987,3.063933385743024e-05,0.11030160188674888
39.0,0.1,0.0200657844543457,0.0050606727600097,2.2163525855076767,0.05,0.1676919511655569,3.060647514131331e-05,0.11018331050872791
40.0,0.1,0.0201036930084228,0.005103588104248,2.2162908058665782,0.05,0.16879041160700062,3.067821264266958e-05,0.11044156551361048
41.0,0.1,0.0200939178466796,0.0050649642944335,2.2172179019036227,0.05,0.16766460764608412,3.064797321955346e-05,0.11033270359039246
42.0,0.1,0.0201053619384765,0.0050985813140869,2.2173373440753847,0.05,0.1686904436357513,3.0678199397192964e-05,0.11044151782989468
43.0,0.1,0.0200986862182617,0.0050978660583496,2.2155990790677147,0.05,0.16859053205916663,3.066891431808469e-05,0.11040809154510486
44.0,0.1,0.0201013088226318,0.0051043033599853,2.216482378240821,0.05,0.16884868369165593,3.067507015334228e-05,0.1104302525520322
45.0,0.1,0.020104169845581,0.0051259994506835,2.2151672612448823,0.05,0.16944165690297153,3.068854742579978e-05,0.1104787707328792
46.0,0.1,0.0201044082641601,0.0051040649414062,2.216427914311994,0.05,0.16881061900380973,3.067938817871931e-05,0.11044579744338952
47.0,0.1,0.0201263427734375,0.0050630569458007,2.220013149243922,0.05,0.16754240631163464,3.069243497318688e-05,0.11049276590347276
48.0,0.1,0.0201027393341064,0.0051057338714599,2.2165119189072664,0.05,0.16888623673778236,3.067768944634323e-05,0.1104396820068356
49.0,0.1,0.02010178565979,0.0051038265228271,2.2158825106309155,0.05,0.16878321340152402,3.0675719181696496e-05,0.11043258905410738
50.0,0.1,0.0200750827789306,0.0050618648529052,2.2172161365072656,0.05,0.16771908573835898,3.0619932545555845e-05,0.11023175716400105
51.0,0.1,0.0200941562652587,0.005061388015747,2.218061140703616,0.05,0.1676079541865781,3.064658244450871e-05,0.11032769680023136
52.0,0.1,0.0201034545898437,0.0050644874572753,2.218702143447298,0.05,0.1676814667852471,3.066089749336231e-05,0.11037923097610433
53.0,0.1,0.0201032161712646,0.0051040649414062,2.216716003554357,0.05,0.16884257238851738,3.0677613284852675e-05,0.11043940782546964
54.0,0.1,0.0201036930084228,0.0050370693206787,2.219265692854319,0.05,0.1668140544808525,3.064965208371472e-05,0.110338747501373
55.0,0.1,0.0200710296630859,0.0051052570343017,2.214867161642363,0.05,0.1690117499723729,3.063292304674776e-05,0.11027852296829195
56.0,0.1,0.0201058387756347,0.0051031112670898,2.2165157098474957,0.05,0.1687737540148543,3.068099750412824e-05,0.11045159101486167
57.0,0.1,0.0201063156127929,0.005061388015747,2.218597578621146,0.05,0.1675471042897636,3.066369891166675e-05,0.11038931608200028
58.0,0.1,0.0201027393341064,0.0051016807556152,2.216931522985178,0.05,0.16878411493116438,3.0675881438785046e-05,0.11043317317962617
59.0,0.1,0.0200691223144531,0.0050640106201171,2.2166979164472167,0.05,0.16780078791581254,3.06125084559122e-05,0.11020503044128391
60.0,0.1,0.020104169845581,0.0051243305206298,2.215516471274451,0.05,0.16941319278406058,3.068775269720278e-05,0.11047590970993001
61.0,0.1,0.0201046466827392,0.0051040649414062,2.216360988892564,0.05,0.1688035198940232,3.0679745806587964e-05,0.11044708490371667
62.0,0.1,0.0201039314270019,0.0050625801086425,2.2186029868339303,0.05,0.16760684930064898,3.0660808086395156e-05,0.11037890911102255
63.0,0.1,0.0200743675231933,0.0050644874572753,2.217265588379353,0.05,0.16781570451205557,3.061999546156976e-05,0.11023198366165116
64.0,0.1,0.0200686454772949,0.0051040649414062,2.2127876592411124,0.05,0.16883369523498937,3.062963154580853e-05,0.1102666735649107
65.0,0.1,0.0200786590576171,0.005061388015747,2.2170156530529446,0.05,0.16765825483991348,3.06248697969647e-05,0.11024953126907293
66.0,0.1,0.0201034545898437,0.0051262378692626,2.2157869564988832,0.05,0.16950297207666645,3.0687454673978907e-05,0.11047483682632407
67.0,0.1,0.020165205001831,0.0051028728485107,2.2192688763408093,0.05,0.16847803270429565,3.076442744996803e-05,0.1107519388198849
68.0,0.1,0.0201008319854736,0.0050618648529052,2.218611187132903,0.05,0.16760962927096057,3.065610594219624e-05,0.11036198139190645
69.0,0.1,0.0201058387756347,0.0051038265228271,2.2167371143776347,0.05,0.16881427039303357,3.0681232611338184e-05,0.11045243740081745
70.0,0.1,0.0201060771942138,0.0051043033599853,2.2164371320437293,0.05,0.16880519343986394,3.068185514873917e-05,0.11045467853546101
71.0,0.1,0.0201034545898437,0.0050616264343261,2.218924011326195,0.05,0.1676034989105357,3.0659642484452886e-05,0.11037471294403041
72.0,0.1,0.0200808048248291,0.0050640106201171,2.2173810025273823,0.05,0.1677548441449004,3.062890635596378e-05,0.1102640628814696
73.0,0.1,0.0201029777526855,0.0051009654998779,2.2168995272675613,0.05,0.1687560143239497,3.067593110932236e-05,0.1104333519935605
74.0,0.1,0.0201008319854736,0.0050632953643798,2.2184944267264486,0.05,0.16764817329249151,3.0656735102335536e-05,0.11036424636840794
75.0,0.1,0.0201029777526855,0.0051016807556152,2.216864555617484,0.05,0.16877701473387433,3.0676239066653696e-05,0.11043446063995332
76.0,0.1,0.0200645923614501,0.0050609111785888,2.2167813379131527,0.05,0.16774225837380882,3.06047598520913e-05,0.11017713546752869
77.0,0.1,0.0200648307800292,0.0050623416900634,2.2166441906527776,0.05,0.1677772978212289,3.0605733394622636e-05,0.11018064022064149
78.0,0.1,0.0201008319854736,0.0051047801971435,2.216511378454549,0.05,0.1688706726117849,3.0674583382076626e-05,0.11042850017547584
79.0,0.1,0.0201044082641601,0.0050623416900634,2.21881907167666,0.05,0.16761130407325295,3.066132465998321e-05,0.11038076877593954
80.0,0.1,0.0201027393341064,0.005103588104248,2.2168032937736926,0.05,0.16883745142682732,3.0676712592442745e-05,0.11043616533279389
81.0,0.1,0.0200715065002441,0.0050642490386962,2.2155959681027424,0.05,0.16770534515882554,3.061630659633202e-05,0.1102187037467953
82.0,0.1,0.0201044082641601,0.0051043033599853,2.2163696577826797,0.05,0.16881406718183095,3.067950407663971e-05,0.11044621467590296
83.0,0.1,0.0201754570007324,0.0050592422485351,2.2232088905236065,0.05,0.16724903449544015,3.0759688880708426e-05,0.11073487997055033
84.0,0.1,0.0201044082641601,0.0050630569458007,2.2192395149065147,0.05,0.16766675088428246,3.066150347391753e-05,0.1103814125061031
85.0,0.1,0.0200822353363037,0.0050652027130126,2.217340486582396,0.05,0.16777931629961226,3.063144617610502e-05,0.11027320623397807
86.0,0.1,0.0201029777526855,0.0051009654998779,2.2169578158030316,0.05,0.16876045139509604,3.067591455247659e-05,0.11043329238891572
87.0,0.1,0.020104169845581,0.0050621032714843,2.2176140457918874,0.05,0.1675143724259791,3.066122863027773e-05,0.11038042306899984
88.0,0.1,0.0200653076171875,0.005101203918457,2.214783469125669,0.05,0.1689193456704344,3.062313132815889e-05,0.11024327278137201
89.0,0.1,0.02008056640625,0.0050632953643798,2.2172496037993175,0.05,0.16772320182804903,3.062830699814687e-05,0.11026190519332872
90.0,0.1,0.0201077461242675,0.0050859451293945,2.2175536390408004,0.05,0.1682688262515767,3.067625893486858e-05,0.1104345321655269
91.0,0.1,0.0201036930084228,0.0050621032714843,2.2190787984693987,0.05,0.1676289929522955,3.066013587845686e-05,0.1103764891624447
92.0,0.1,0.0200824737548828,0.0050680637359619,2.215593748191636,0.05,0.16773984817638013,3.0633472734027416e-05,0.1102805018424987
93.0,0.1,0.0201044082641601,0.0050628185272216,2.218737337325743,0.05,0.1676209170275777,3.066154652171654e-05,0.11038156747817952
94.0,0.1,0.0201048851013183,0.00506591796875,2.218463076477858,0.05,0.1676988240246247,3.066359294785385e-05,0.11038893461227386
95.0,0.1,0.0201044082641601,0.0051043033599853,2.2167775178106655,0.05,0.16884513262703926,3.067938817871931e-05,0.11044579744338952
96.0,0.1,0.0201039314270019,0.0050621032714843,2.2175177644416606,0.05,0.1675090860319659,3.0660917361577247e-05,0.11037930250167807
97.0,0.1,0.0201058387756347,0.0051054954528808,2.2169702195675915,0.05,0.16888722974678055,3.0681861771477475e-05,0.11045470237731891
98.0,0.1,0.0201046466827392,0.0051054954528808,2.2164891547770447,0.05,0.16886059446330942,3.0680305427975017e-05,0.11044909954071006
99.0,0.1,0.0200645923614501,0.0050616264343261,2.2167813379131527,0.05,0.16776596529306814,3.0605057875315186e-05,0.11017820835113466
100.0,0.1,0.02010178565979,0.005105972290039,2.2161737338478167,0.05,0.1688763655097708,3.0676530467139266e-05,0.11043550968170136
101.0,0.1,0.0200729370117187,0.0050628185272216,2.2164772039194807,0.05,0.16771270462239718,3.061749206648922e-05,0.1102229714393612
102.0,0.1,0.0201377868652343,0.0050783157348632,2.219757693621714,0.05,0.16793251162912692,3.0715117851892965e-05,0.11057442426681469
103.0,0.1,0.0200674533843994,0.0050599575042724,2.2168171426765415,0.05,0.16768944701383065,3.060841560363765e-05,0.11019029617309553
104.0,0.1,0.0201051235198974,0.0050644874572753,2.2191666184202874,0.05,0.16770264793654363,3.066313597891053e-05,0.11038728952407792
105.0,0.1,0.0201044082641601,0.0050616264343261,2.219262877535763,0.05,0.1676211430556557,3.066090080473147e-05,0.1103792428970333
106.0,0.1,0.0201036930084228,0.0051057338714599,2.2168618316235555,0.05,0.16890488534606327,3.067894445525265e-05,0.11044420003890953
107.0,0.1,0.02008056640625,0.005063772201538,2.216876095619628,0.05,0.1677107406257046,3.062861164410905e-05,0.1102630019187926
108.0,0.1,0.0200679302215576,0.005063772201538,2.2166129440020237,0.05,0.16779642270256345,3.0610740184783874e-05,0.11019866466522195
109.0,0.1,0.0201058387756347,0.0051069259643554,2.2162244554705204,0.05,0.16887772264737838,3.0682669745551094e-05,0.11045761108398394
110.0,0.1,0.0200691223144531,0.0050632953643798,2.216767968313828,0.05,0.1677823893143416,3.06121905644734e-05,0.11020388603210422
111.0,0.1,0.0201072692871093,0.005138874053955,2.2152294397310217,0.05,0.16984581439940916,3.069829609658969e-05,0.11051386594772288
112.0,0.1,0.0200769901275634,0.005063772201538,2.216679652950339,0.05,0.16772575074758625,3.062358829710204e-05,0.11024491786956735
113.0,0.1,0.0201075077056884,0.00510835647583,2.2164666677179046,0.05,0.1689294668621955,3.068556719356099e-05,0.11046804189681957
114.0,0.1,0.0200629234313964,0.0050585269927978,2.216620305980524,0.05,0.16766500189657216,3.0601441860198835e-05,0.1101651906967158
115.0,0.1,0.0200781822204589,0.0051019191741943,2.215073674464596,0.05,0.16885682271309196,3.0641631947623225e-05,0.11030987501144361
116.0,0.1,0.0201051235198974,0.0050616264343261,2.218664491685956,0.05,0.1675699852662575,3.066208627488866e-05,0.11038351058959918
117.0,0.1,0.0201058387756347,0.0050618648529052,2.219187166450876,0.05,0.16761139356427612,3.066305319468168e-05,0.11038699150085404
118.0,0.1,0.0201051235198974,0.0050716400146484,2.217147815112789,0.05,0.16778671714781404,3.0666689078013e-05,0.1104000806808468
119.0,0.1,0.0201022624969482,0.0050647258758544,2.2187574011210227,0.05,0.16770348148732656,3.065928816795339e-05,0.11037343740463221
120.0,0.1,0.0200808048248291,0.0051021575927734,2.2148736424119746,0.05,0.16882741210192664,3.064551287227205e-05,0.11032384634017937
121.0,0.1,0.0200846195220947,0.0051043033599853,2.2157721969131043,0.05,0.16893484276200035,3.065156936645502e-05,0.11034564971923806
122.0,0.1,0.0201051235198974,0.0050652027130126,2.218267622084028,0.05,0.16765838568136338,3.066368897755928e-05,0.1103892803192134
123.0,0.1,0.0200757980346679,0.0050628185272216,2.217155014429247,0.05,0.16774008383712585,3.062136305703044e-05,0.11023690700530958
124.0,0.1,0.0201044082641601,0.0050623416900634,2.219075990273579,0.05,0.16763071190222828,3.066125180986181e-05,0.1103805065155025
125.0,0.1,0.0200672149658203,0.0050649642944335,2.216790804985198,0.05,0.16785537446929252,3.061017062928935e-05,0.11019661426544167
126.0,0.1,0.0201058387756347,0.0051064491271972,2.2167487684728995,0.05,0.16890190367538993,3.068232205178991e-05,0.11045635938644366
127.0,0.1,0.0201337337493896,0.0050640106201171,2.2200343861235674,0.05,0.16751405151608895,3.070332275496578e-05,0.1105319619178768
128.0,0.1,0.020104169845581,0.0050616264343261,2.219166473672018,0.05,0.1676158494220666,3.0660589536030976e-05,0.11037812232971152
129.0,0.1,0.0200767517089843,0.0050776004791259,2.2161049733934712,0.05,0.16814217515566296,3.062917457686516e-05,0.11026502847671459
130.0,0.1,0.0201015472412109,0.0051050186157226,2.216100848464455,0.05,0.16884127301209964,3.0675815211401964e-05,0.11043293476104707
131.0,0.1,0.0201048851013183,0.0051045417785644,2.21636397087812,0.05,0.1688175151785933,3.0680282248390944e-05,0.11044901609420738
132.0,0.1,0.0200812816619873,0.0050609111785888,2.2171884953748835,0.05,0.16763363360201136,3.062834673457672e-05,0.11026204824447619
133.0,0.1,0.0201039314270019,0.005101203918457,2.2164802119695453,0.05,0.16872397695251615,3.067750400967059e-05,0.11043901443481413
134.0,0.1,0.0201010704040527,0.0051043033599853,2.2161065287218524,0.05,0.16882205434731018,3.067483835750149e-05,0.11042941808700536
135.0,0.1,0.0200796127319335,0.005061388015747,2.2174595317584767,0.05,0.16768385798990834,3.0626098314920896e-05,0.11025395393371523
136.0,0.1,0.0201320648193359,0.0051045417785644,2.218439000809188,0.05,0.16874743844383341,3.071829345491189e-05,0.11058585643768283
137.0,0.1,0.0201058387756347,0.0050663948059082,2.218568309173656,0.05,0.16771460892899434,3.0665116177664764e-05,0.11039441823959316
138.0,0.1,0.0200667381286621,0.0050668716430664,2.216457922956192,0.05,0.16789735919016574,3.061038255691526e-05,0.11019737720489493
139.0,0.1,0.020066499710083,0.0050675868988037,2.215346469501313,0.05,0.16783884943593058,3.061065740055506e-05,0.11019836664199822
140.0,0.1,0.0200822353363037,0.005101203918457,2.21535766699806,0.05,0.16882071675424803,3.0647009611129736e-05,0.11032923460006704
141.0,0.1,0.0201039314270019,0.0050621032714843,2.2190467167729824,0.05,0.1676245815701361,3.066048357221804e-05,0.11037774085998496
142.0,0.1,0.0201056003570556,0.0051050186157226,2.216885650141692,0.05,0.1688670168299169,3.0681348509258575e-05,0.11045285463333086
143.0,0.1,0.0201046466827392,0.0051045417785644,2.2164308957193195,0.05,0.16882461480231348,3.067992462052228e-05,0.11044772863388022
144.0,0.1,0.0201044082641601,0.0051043033599853,2.216299753989777,0.05,0.1688087428247004,3.0679523944854634e-05,0.11044628620147669
145.0,0.1,0.0200636386871337,0.0051040649414062,2.21430789228558,0.05,0.16899184826940017,3.0622088246875186e-05,0.11023951768875069
146.0,0.1,0.0200788974761962,0.0050647258758544,2.2173571910017604,0.05,0.16779267419327365,3.06265023019577e-05,0.11025540828704773
147.0,0.1,0.0201003551483154,0.0051043033599853,2.216587002361007,0.05,0.16886466533103917,3.067368600103584e-05,0.110425269603729
148.0,0.1,0.0201039314270019,0.0051038265228271,2.2163287406231396,0.05,0.1687991841412178,3.0678639809290475e-05,0.1104431033134457
149.0,0.1,0.0200641155242919,0.0050618648529052,2.216775369572312,0.05,0.1677774031420211,3.060448169708236e-05,0.11017613410949649
150.0,0.1,0.0201027393341064,0.0051002502441406,2.21697815546744,0.05,0.1687403371861879,3.0675272146860684e-05,0.11043097972869846
151.0,0.1,0.0201013088226318,0.0050632953643798,2.2181734948380907,0.05,0.16761994464497815,3.0657503339979303e-05,0.11036701202392547
152.0,0.1,0.0201032161712646,0.0050702095031738,2.2182439044923106,0.05,0.16783823885340196,3.066307306289665e-05,0.11038706302642794
153.0,0.1,0.0200972557067871,0.0050616264343261,2.218543394955153,0.05,0.1676264370236218,3.0650946829054044e-05,0.11034340858459456
154.0,0.1,0.0201051235198974,0.0051043033599853,2.2164951163353006,0.05,0.1688176169398489,3.068048424190934e-05,0.1104497432708736
155.0,0.1,0.0200819969177246,0.0050616264343261,2.2172441206046054,0.05,0.1676555598258404,3.0629644791285144e-05,0.11026672124862653
156.0,0.1,0.020104169845581,0.0050621032714843,2.2188394661502127,0.05,0.16760693836308274,3.0660880936516545e-05,0.11037917137145957
157.0,0.1,0.0200793743133544,0.0050606727600097,2.217736838778986,0.05,0.1676831195095728,3.062538305918359e-05,0.11025137901306094
158.0,0.1,0.0201003551483154,0.0051040649414062,2.216528725720114,0.05,0.16885233833566304,3.067360321680698e-05,0.11042497158050514
159.0,0.1,0.0201039314270019,0.0050854682922363,2.2172145588026435,0.05,0.16825924387203903,3.067073888248859e-05,0.11041465997695893
160.0,0.1,0.0201034545898437,0.0050780773162841,2.217850116258268,0.05,0.16806685113680345,3.066680166456424e-05,0.11040048599243125
161.0,0.1,0.0201044082641601,0.0051040649414062,2.2154845354324055,0.05,0.1687387680892863,3.0679656399620803e-05,0.11044676303863489
162.0,0.1,0.0200819969177246,0.0050907135009765,2.2156810134840126,0.05,0.16850013415615606,3.064220812585614e-05,0.1103119492530821
163.0,0.1,0.0200624465942382,0.0050611495971679,2.216754478398308,0.05,0.16776606954688944,3.060181935628241e-05,0.11016654968261666
164.0,0.1,0.020104169845581,0.0050854682922363,2.217100938658529,0.05,0.1682486261930421,3.0671109755833855e-05,0.11041599512100186
165.0,0.1,0.0201039314270019,0.0051016807556152,2.2166083962040948,0.05,0.16874950711074813,3.067766626675915e-05,0.11043959856033293
166.0,0.1,0.0201003551483154,0.0051233768463134,2.215561780921997,0.05,0.16941727416548624,3.0681924687491446e-05,0.1104549288749692
167.0,0.1,0.0200634002685546,0.0050618648529052,2.2169649772644573,0.05,0.16779773540367862,3.060341212484556e-05,0.11017228364944402
168.0,0.1,0.0200841426849365,0.005061388015747,2.2180415492772303,0.05,0.167690039232205,3.063236673672987e-05,0.11027652025222755
169.0,0.1,0.0201039314270019,0.0050632953643798,2.2189883211140975,0.05,0.16765964389660862,3.066099683443694e-05,0.110379588603973
170.0,0.1,0.0200622081756591,0.0050611495971679,2.2169967909704473,0.05,0.16778640193490035,3.060141205787645e-05,0.11016508340835521
171.0,0.1,0.0201056003570556,0.0051052570343017,2.2165593376264896,0.05,0.16885004599815825,3.0681540568669525e-05,0.11045354604721029
172.0,0.1,0.0200786590576171,0.0051038265228271,2.214869947137252,0.05,0.1689004023880269,3.064316180017245e-05,0.1103153824806208
173.0,0.1,0.0202517509460449,0.0050625801086425,2.2272507971136095,0.05,0.16703201040442786,3.0868278609381717e-05,0.11112580299377417
174.0,0.1,0.0201048851013183,0.0051038265228271,2.2163290194388043,0.05,0.16879119839358975,3.067999415927453e-05,0.1104479789733883
175.0,0.1,0.0201048851013183,0.0051047801971435,2.2163756216028636,0.05,0.1688262876247132,3.0680378278096405e-05,0.11044936180114708
176.0,0.1,0.0201046466827392,0.0051040649414062,2.216360988892564,0.05,0.1688035198940232,3.0679745806587964e-05,0.11044708490371667
177.0,0.1,0.0201036930084228,0.0051057338714599,2.215987932049447,0.05,0.16883830207719952,3.067919280793921e-05,0.11044509410858117
178.0,0.1,0.0201039314270019,0.0051040649414062,2.216200588730022,0.05,0.16879730866274031,3.067877557542579e-05,0.11044359207153286
179.0,0.1,0.0201010704040527,0.0051026344299316,2.216199733982427,0.05,0.1687739534101231,3.067411647902588e-05,0.11042681932449318
180.0,0.1,0.0201020240783691,0.0051019191741943,2.216036922559345,0.05,0.1687298933955708,3.067521916495422e-05,0.11043078899383518
181.0,0.1,0.0201246738433837,0.0051016807556152,2.217706127467716,0.05,0.16865906141129766,3.070681293805426e-05,0.11054452657699534
182.0,0.1,0.0201058387756347,0.0051050186157226,2.216282700222334,0.05,0.16881908636485324,3.068185846010832e-05,0.11045469045638995
183.0,0.1,0.0201044082641601,0.0050685405731201,2.2164512177812306,0.05,0.16763745708983616,3.06645797358618e-05,0.11039248704910247
184.0,0.1,0.020104169845581,0.0051038265228271,2.21620357229213,0.05,0.16878764941495428,3.067901399400489e-05,0.11044445037841762
185.0,0.1,0.0201020240783691,0.0051045417785644,2.216036922559345,0.05,0.16881662776761336,3.067631191677509e-05,0.11043472290039033
186.0,0.1,0.020104169845581,0.0051009654998779,2.2164948453608195,0.05,0.16871520421413347,3.067773911688054e-05,0.11043986082076994
187.0,0.1,0.0201039314270019,0.0051043033599853,2.2161889392927883,0.05,0.16880430611697644,3.067887822786957e-05,0.11044396162033046
188.0,0.1,0.020104169845581,0.0051062107086181,2.21625017083863,0.05,0.16887004699376376,3.0679994159274525e-05,0.11044797897338827
189.0,0.1,0.0201246738433837,0.0051014423370361,2.217647862457431,0.05,0.16864674849720374,3.07067301538254e-05,0.11054422855377144
190.0,0.1,0.0200951099395751,0.0050680637359619,2.2157988548353957,0.05,0.16764988879599962,3.065136075019822e-05,0.1103448987007136
191.0,0.1,0.0201039314270019,0.0051078796386718,2.2147220894377666,0.05,0.1688107707743441,3.068078557650237e-05,0.11045082807540854
192.0,0.1,0.0201077461242675,0.0051109790802001,2.212701427769348,0.05,0.16872707619492097,3.068807058864154e-05,0.11047705411910956
193.0,0.1,0.0201115608215332,0.0051085948944091,2.2127844873718567,0.05,0.16862270862407014,3.0692471398247575e-05,0.11049289703369126
194.0,0.1,0.0201125144958496,0.0051183700561523,2.212274269769588,0.05,0.16889839976082816,3.069804443253408e-05,0.11051295995712267
195.0,0.1,0.0201160907745361,0.0051133632659912,2.212493575421922,0.05,0.1687199093741147,3.070097499423551e-05,0.11052350997924784
196.0,0.1,0.0201163291931152,0.0051164627075195,2.212496591075959,0.05,0.1688204073926442,3.070260418785937e-05,0.1105293750762937
197.0,0.1,0.0201125144958496,0.005112886428833,2.212262666526801,0.05,0.16871656351620662,3.0695762899186854e-05,0.11050474643707267
198.0,0.1,0.0201132297515869,0.0051143169403076,2.212225310746315,0.05,0.16875491687208216,3.06973854700724e-05,0.11051058769226063
199.0,0.1,0.0201160907745361,0.005112886428833,2.212493575421922,0.05,0.16870417571352134,3.0700776312086264e-05,0.11052279472351055
200.0,0.1,0.0201125144958496,0.0051164627075195,2.2123438917824565,0.05,0.16884077355194974,3.069722983572215e-05,0.11051002740859975
201.0,0.1,0.0201168060302734,0.0051138401031494,2.2125490360611693,0.05,0.16873387316704744,3.070217370986933e-05,0.11052782535552956
202.0,0.1,0.0201125144958496,0.0051164627075195,2.212100233907088,0.05,0.16882217816797163,3.069729937447439e-05,0.1105102777481078
203.0,0.1,0.0201113224029541,0.0051131248474121,2.2130601322279397,0.05,0.1687952565851611,3.0693941646152063e-05,0.11049818992614742
204.0,0.1,0.0201120376586914,0.0051319599151611,2.211317153986904,0.05,0.1692775916576218,3.070330288675093e-05,0.11053189039230336
205.0,0.1,0.0201165676116943,0.0051159858703613,2.2124880033983794,0.05,0.1688020180512791,3.0702746576732996e-05,0.11052988767623878
206.0,0.1,0.0201163291931152,0.0051155090332031,2.2125778181036218,0.05,0.16879513712244704,3.070218364397678e-05,0.11052786111831643
207.0,0.1,0.020113468170166,0.0051155090332031,2.212286342156743,0.05,0.16879690769771305,3.069820337825348e-05,0.1105135321617125
208.0,0.1,0.0201125144958496,0.0051157474517822,2.2123090802282634,0.05,0.16881451409868994,3.069694174660574e-05,0.11050899028778068
209.0,0.1,0.0201122760772705,0.0051157474517822,2.2121436213732775,0.05,0.16880388948328953,3.069665034612018e-05,0.11050794124603265
210.0,0.1,0.0201163291931152,0.0051157474517822,2.2125778181036218,0.05,0.1688030041590392,3.070228298505141e-05,0.11052821874618508
211.0,0.1,0.0201313495635986,0.0051164627075195,2.21330124928571,0.05,0.16875579950615646,3.072370754347902e-05,0.11060534715652445
212.0,0.1,0.0201072692871093,0.0051159858703613,2.21196416206802,0.05,0.16884009316183657,3.068968984815797e-05,0.1104828834533687
213.0,0.1,0.020115852355957,0.0051159858703613,2.21236292695206,0.05,0.16879847705353834,3.0701766411463356e-05,0.11052635908126808
214.0,0.1,0.0201117992401123,0.0051162242889404,2.2142860892801837,0.05,0.16898713243979563,3.0695560905668446e-05,0.11050401926040641
215.0,0.1,0.0201156139373779,0.0050966739654541,2.2132884927151455,0.05,0.16823363990745066,3.0693117115232625e-05,0.11049522161483746
216.0,0.1,0.0201175212860107,0.0051136016845703,2.2127205404157975,0.05,0.1687330857826166,3.0703041288587716e-05,0.11053094863891577
217.0,0.1,0.0201170444488525,0.0051131248474121,2.2115198121268347,0.05,0.16862979446130616,3.0702508158153894e-05,0.11052902936935402
218.0,0.1,0.020115852355957,0.0051164627075195,2.2132682773274546,0.05,0.1688832926733287,3.070170680681858e-05,0.1105261445045469
219.0,0.1,0.0201132297515869,0.0051159858703613,2.2121208942778177,0.05,0.1688020180512791,3.069811065991716e-05,0.11051319837570177
220.0,0.1,0.0201132297515869,0.0051162242889404,2.212294927201778,0.05,0.16882316535895514,3.0698160330454476e-05,0.1105133771896361
221.0,0.1,0.0201168060302734,0.0051400661468505,2.211203824059705,0.05,0.16949610046542554,3.0713485346899994e-05,0.11056854724883998
222.0,0.1,0.0201168060302734,0.0051167011260986,2.2123401889938843,0.05,0.16881233809139165,3.07034254074096e-05,0.11053233146667456
223.0,0.1,0.0201091766357421,0.0051193237304687,2.2119071221395172,0.05,0.16892986955769038,3.06938058800166e-05,0.11049770116805976
224.0,0.1,0.0201148986816406,0.0051214694976806,2.212014430740835,0.05,0.16896079788572682,3.0702796247270306e-05,0.11053006649017309
225.0,0.1,0.0201132297515869,0.0051159858703613,2.2124225687505605,0.05,0.16882503815832897,3.0698024564319156e-05,0.11051288843154895
226.0,0.1,0.0201129913330078,0.005101203918457,2.2130463753364413,0.05,0.1683867007350578,3.069134884410431e-05,0.1104888558387755
227.0,0.1,0.0201165676116943,0.0051162242889404,2.2125460209572334,0.05,0.16881431133767494,3.070282936096185e-05,0.11053018569946266
228.0,0.1,0.020115852355957,0.0051159858703613,2.2110642312429545,0.05,0.1686993893969959,3.0702137284808635e-05,0.11052769422531109
229.0,0.1,0.020113468170166,0.0051164627075195,2.2122283292775022,0.05,0.16882394898044717,3.0698617299397745e-05,0.1105150222778319
230.0,0.1,0.020115852355957,0.0051162242889404,2.21230491693237,0.05,0.1688019172679972,3.070188230938376e-05,0.11052677631378154
231.0,0.1,0.0201132297515869,0.0051159858703613,2.212213708429703,0.05,0.16880910049247047,3.069808416896393e-05,0.11051310300827014
232.0,0.1,0.0201165676116943,0.0051126480102539,2.2125228135685644,0.05,0.1686945394281398,3.070134586758079e-05,0.11052484512329082
233.0,0.1,0.0201163291931152,0.0051136016845703,2.212624236225838,0.05,0.16873574069703373,3.070137566990317e-05,0.11052495241165142
234.0,0.1,0.0201096534729003,0.0051133632659912,2.21221483762333,0.05,0.16875265557053445,3.069191177686042e-05,0.11049088239669752
235.0,0.1,0.0201163291931152,0.0051136016845703,2.2126474460173156,0.05,0.16873751068639398,3.070136904716487e-05,0.11052492856979353
236.0,0.1,0.0201132297515869,0.0051164627075195,2.212399360100704,0.05,0.16883900238650862,3.0698229869206714e-05,0.11051362752914416
237.0,0.1,0.020115852355957,0.0051131248474121,2.2124905597046216,0.05,0.16871381220105708,3.070053789350716e-05,0.11052193641662579
238.0,0.1,0.0201163291931152,0.0051164627075195,2.2126706562957255,0.05,0.16883368911313698,3.070255451732205e-05,0.11052919626235938
239.0,0.1,0.0201127529144287,0.0051162242889404,2.2122772879613546,0.05,0.16882582174644956,3.0697488122516176e-05,0.11051095724105824
240.0,0.1,0.0201127529144287,0.0051465034484863,2.2111871248460084,0.05,0.1697412911850272,3.0710415707694134e-05,0.11055749654769889
241.0,0.1,0.0201165676116943,0.0051162242889404,2.2123835794596394,0.05,0.1688019172679972,3.070287572013001e-05,0.11053035259246803
242.0,0.1,0.0201132297515869,0.0051131248474121,2.2123297370726043,0.05,0.1687235459795131,3.069685896237689e-05,0.1105086922645568
243.0,0.1,0.0201172828674316,0.0051162242889404,2.2124042308841942,0.05,0.16879749125557758,3.070388568772203e-05,0.1105339884757993
244.0,0.1,0.0201163291931152,0.0051162242889404,2.212461781318339,0.05,0.16880988467529112,3.070251478089221e-05,0.11052905321121194
245.0,0.1,0.0201079845428466,0.0051162242889404,2.211961624607245,0.05,0.16884176182707925,3.069080577956293e-05,0.11048690080642655
246.0,0.1,0.0201160907745361,0.0051155090332031,2.2122151254863707,0.05,0.1687694679545663,3.070194853676684e-05,0.11052701473236064
247.0,0.1,0.0201165676116943,0.0051164627075195,2.2126156460444304,0.05,0.1688274907168472,3.0702908833821546e-05,0.11053047180175757
248.0,0.1,0.0201163291931152,0.0051124095916748,2.2126590510956525,0.05,0.16869905906787916,3.070086903042258e-05,0.11052312850952128
249.0,0.1,0.0201156139373779,0.0051157474517822,2.212533959908948,0.05,0.1688056601596501,3.070127964019769e-05,0.1105246067047117
250.0,0.1,0.0201160907745361,0.0051131248474121,2.2125399905596033,0.05,0.16871558189542116,3.070086240768428e-05,0.11052310466766341
251.0,0.1,0.0201165676116943,0.0051159858703613,2.2123835794596394,0.05,0.16879405101527029,3.0702776379055383e-05,0.11052999496459938
252.0,0.1,0.0201160907745361,0.0051159858703613,2.2124239563666857,0.05,0.16880113278791614,3.070208761427131e-05,0.11052751541137673
253.0,0.1,0.020113468170166,0.0051155090332031,2.2123791690924617,0.05,0.16880399037024135,3.069817688730024e-05,0.11051343679428087
254.0,0.1,0.020115852355957,0.005112886428833,2.212827116652592,0.05,0.16873160829403652,3.0700342522727074e-05,0.11052123308181747
255.0,0.1,0.0201160907745361,0.0051164627075195,2.2126212217367787,0.05,0.16883191809632606,3.0702230003144946e-05,0.1105280280113218
256.0,0.1,0.0201072692871093,0.0051131248474121,2.2120918032786823,0.05,0.16875540983606543,3.068846133020178e-05,0.11047846078872639
257.0,0.1,0.0201163291931152,0.0051126480102539,2.2126706562957255,0.05,0.16870781124613826,3.070096506012805e-05,0.11052347421646098
258.0,0.1,0.0201141834259033,0.0051159858703613,2.2121561737944777,0.05,0.16879670661037763,3.069945507579375e-05,0.1105180382728575
259.0,0.1,0.020115852355957,0.0051312446594238,2.2116206283716116,0.05,0.16924512574247486,3.070833616786528e-05,0.11055001020431499
260.0,0.1,0.0201153755187988,0.0051150321960449,2.2125541534233326,0.05,0.16878559964754314,3.070063723458179e-05,0.11052229404449443
261.0,0.1,0.0201122760772705,0.0050697326660156,2.2148734725599044,0.05,0.16749197880619365,3.067669934696619e-05,0.11043611764907828
262.0,0.1,0.0201075077056884,0.0051183700561523,2.214104193138496,0.05,0.1690801978430476,3.069041172663358e-05,0.11048548221588088
263.0,0.1,0.0201156139373779,0.0051162242889404,2.2123367054220866,0.05,0.16880634351253043,3.070153461562257e-05,0.11052552461624125
264.0,0.1,0.0201163291931152,0.0051162242889404,2.212368960652796,0.05,0.16880280249833418,3.070254127184544e-05,0.11052914857864359
265.0,0.1,0.0201156139373779,0.0051159858703613,2.2123831150782185,0.05,0.1688020180512791,3.070142202907133e-05,0.11052511930465676
266.0,0.1,0.0201308727264404,0.0051167011260986,2.213214016104679,0.05,0.16876100905888183,3.072315454483026e-05,0.11060335636138895
267.0,0.1,0.0201077461242675,0.005110740661621,2.2145839350891396,0.05,0.16886274715752134,3.0687434805763944e-05,0.11047476530075019
268.0,0.1,0.020115852355957,0.0051131248474121,2.212583392774721,0.05,0.16872089120127526,3.070051140255393e-05,0.11052184104919416
269.0,0.1,0.020113468170166,0.0051164627075195,2.2120659094007955,0.05,0.16881155407318754,3.0698663658565904e-05,0.11051518917083726
270.0,0.1,0.0201160907745361,0.0051159858703613,2.2124007509885555,0.05,0.1687993622890459,3.0702094237009626e-05,0.11052753925323465
271.0,0.1,0.0201160907745361,0.0051159858703613,2.2121455239533523,0.05,0.16877988925245344,3.0702167087131015e-05,0.11052780151367167
272.0,0.1,0.0201163291931152,0.0051162242889404,2.212380562810063,0.05,0.16880368773795584,3.070253796047628e-05,0.1105291366577146
273.0,0.1,0.0201137065887451,0.0051159858703613,2.2125446505845905,0.05,0.16883035138239721,3.069866696993506e-05,0.11051520109176621
274.0,0.1,0.0201137065887451,0.0051178932189941,2.2137638945744236,0.05,0.1689863652108184,3.0699114004770866e-05,0.11051681041717513
275.0,0.1,0.0200746059417724,0.0051097869873046,2.2126537970325884,0.05,0.16896256313496041,3.064051932758742e-05,0.11030586957931472
276.0,0.1,0.0201179981231689,0.005117654800415,2.2122044704981727,0.05,0.16882343996602203,3.070555461777573e-05,0.11053999662399264
277.0,0.1,0.0201189517974853,0.0050604343414306,2.2172153761265365,0.05,0.16730602485614243,3.0681639909744164e-05,0.11045390367507898
278.0,0.1,0.0201137065887451,0.0051136016845703,2.210283899770493,0.05,0.16857924356273768,3.069831927617388e-05,0.11051394939422596
279.0,0.1,0.0201165676116943,0.0051443576812744,2.211038552650886,0.05,0.16962694702417108,3.071498208575773e-05,0.11057393550872784
280.0,0.1,0.0201165676116943,0.0051138401031494,2.212337171984141,0.05,0.1687197155622677,3.0701895554860375e-05,0.11052682399749734
281.0,0.1,0.0201168060302734,0.0051167011260986,2.2124562102745884,0.05,0.1688211910805302,3.070339229371806e-05,0.11053221225738502
282.0,0.1,0.0201165676116943,0.0051164627075195,2.2124880033983794,0.05,0.16881775129930315,3.070294525888225e-05,0.11053060293197607
283.0,0.1,0.0201086997985839,0.0051352977752685,2.2110081161000696,0.05,0.16939213136757164,3.070004118813395e-05,0.11052014827728222
284.0,0.1,0.0201168060302734,0.0051162242889404,2.2125142254784196,0.05,0.16880988467529112,3.070317705472304e-05,0.11053143739700294
285.0,0.1,0.0201163291931152,0.0051171779632568,2.212450178309207,0.05,0.16884046570169814,3.0702915456559854e-05,0.11053049564361547
286.0,0.1,0.0201170444488525,0.0051162242889404,2.2122503985233655,0.05,0.16878775484520445,3.070359097586731e-05,0.11053292751312231
287.0,0.1,0.0201165676116943,0.0051164627075195,2.212348773670492,0.05,0.16880712776166595,3.07029849953121e-05,0.11053074598312355
288.0,0.1,0.020115852355957,0.0051136016845703,2.2124325429915497,0.05,0.16872512154061553,3.070075313250219e-05,0.11052271127700788
289.0,0.1,0.0201072692871093,0.0051114559173583,2.214484899090945,0.05,0.16888283207032598,3.06870838006336e-05,0.11047350168228096
290.0,0.1,0.0201165676116943,0.0051138401031494,2.2124880033983794,0.05,0.1687312184351708,3.070185250706137e-05,0.11052666902542094
291.0,0.1,0.020115852355957,0.0051169395446777,2.2123165186929357,0.05,0.16882640138027144,3.070217702123848e-05,0.11052783727645853
292.0,0.1,0.0201160907745361,0.0051131248474121,2.2114497494286134,0.05,0.16863244637352953,3.0701173676384766e-05,0.11052422523498516
293.0,0.1,0.0201156139373779,0.0051155090332031,2.2125571686317262,0.05,0.16879956363025977,3.0701173676384766e-05,0.11052422523498515
294.0,0.1,0.0201153755187988,0.0051126480102539,2.212496131999767,0.05,0.16870250226835254,3.069966038068131e-05,0.11051877737045272
295.0,0.1,0.0201160907745361,0.005115270614624,2.2124355592382994,0.05,0.168778418179243,3.070178627967829e-05,0.11052643060684184
296.0,0.1,0.0201389789581298,0.0051131248474121,2.2143141757630964,0.05,0.16865897008399108,3.073286347919028e-05,0.11063830852508501
297.0,0.1,0.0201163291931152,0.0051155090332031,2.2125894224515887,0.05,0.16879602240543695,3.070218033260764e-05,0.11052784919738749
298.0,0.1,0.0201160907745361,0.0051159858703613,2.2125631988587466,0.05,0.16881175656114208,3.070204787784147e-05,0.11052737236022928
299.0,0.1,0.0201153755187988,0.0051124095916748,2.212496131999767,0.05,0.16869463514923916,3.069956103960669e-05,0.11051841974258408
